AA,amount,percent,new
A,47,7.74299835255354,BSA
B,0,0,BSA
C,35,5.7660626029654,BSA
D,40,6.58978583196046,BSA
E,59,9.71993410214168,BSA
F,30,4.94233937397035,BSA
G,17,2.8006589785832,BSA
H,17,2.8006589785832,BSA
I,15,2.47116968698517,BSA
K,60,9.88467874794069,BSA
L,65,10.7084019769358,BSA
M,5,0.823723228995058,BSA
N,14,2.30642504118616,BSA
O,0,0,BSA
P,28,4.61285008237232,BSA
Q,20,3.29489291598023,BSA
R,26,4.2833607907743,BSA
S,32,5.27182866556837,BSA
T,35,5.7660626029654,BSA
U,0,0,BSA
V,38,6.26029654036244,BSA
W,3,0.494233937397035,BSA
X,0,0,BSA
Y,21,3.45963756177924,BSA
Z,0,0,BSA
all other,480,79.07743,BSA
Tyr and Trp,24,3.953871,BSA
positives,103,16.9687,BSA
A,36,12.5435540069686,HB
B,0,0,HB
C,3,1.04529616724739,HB
D,15,5.22648083623693,HB
E,11,3.83275261324042,HB
F,15,5.22648083623693,HB
G,21,7.31707317073171,HB
H,19,6.62020905923345,HB
I,0,0,HB
K,22,7.66550522648084,HB
L,36,12.5435540069686,HB
M,3,1.04529616724739,HB
N,10,3.48432055749129,HB
O,0,0,HB
P,14,4.8780487804878,HB
Q,4,1.39372822299652,HB
R,6,2.09059233449477,HB
S,16,5.57491289198606,HB
T,16,5.57491289198606,HB
U,0,0,HB
V,31,10.801393728223,HB
W,3,1.04529616724739,HB
X,0,0,HB
Y,6,2.09059233449477,HB
Z,0,0,HB
all other,231,80.4878,HB
Tyr and Trp,9,3.135889,HB
positives,47,16.37631,HB
A,47,7.74299835255354,RNase
B,0,0,RNase
C,35,5.7660626029654,RNase
D,40,6.58978583196046,RNase
E,59,9.71993410214168,RNase
F,30,4.94233937397035,RNase
G,17,2.8006589785832,RNase
H,17,2.8006589785832,RNase
I,15,2.47116968698517,RNase
K,60,9.88467874794069,RNase
L,65,10.7084019769358,RNase
M,5,0.823723228995058,RNase
N,14,2.30642504118616,RNase
O,0,0,RNase
P,28,4.61285008237232,RNase
Q,20,3.29489291598023,RNase
R,26,4.2833607907743,RNase
S,32,5.27182866556837,RNase
T,35,5.7660626029654,RNase
U,0,0,RNase
V,38,6.26029654036244,RNase
W,3,0.494233937397035,RNase
X,0,0,RNase
Y,21,3.45963756177924,RNase
Z,0,0,RNase
all other,100,80.64516,RNase
Tyr and Trp,6,4.83871,RNase
positives,18,14.51613,RNase
